{
  "version": "1.0",
  "defaultProvider": "cdnjs",
  "libraries": [
      {
          "library": "twitter-bootstrap@5.1.3",
          "destination": "wwwroot/lib/css/bootstrap.css"
      },
      {
          "library": "jquery@3.6.0",
          "destination": "wwwroot/lib/jquery"
      },
      {
          "library": "jquery-validate@1.19.3",
          "destination": "wwwroot/lib/jquery-validate"
      },
      {
          "library": "jquery-validation-unobtrusive@3.2.12",
          "destination": "wwwroot/lib/jquery-validation-unobtrusive"
      },
      {
          "library": "font-awesome@5.15.3",
          "destination": "wwwroot/lib/font-awesome/"
      }
  ]
}